{"count":1,"gauges":{},"self":7.5670167999999993,"total":8.4109056,"children":{"AgentResetIfDone":{"count":309,"self":0.0049923,"total":0.0049923,"children":null},"AgentSendState":{"count":309,"self":0.010988999999999999,"total":0.012987499999999999,"children":{"CollectObservations":{"count":78,"self":0.0019985,"total":0.0019985,"children":null}}},"DecideAction":{"count":309,"self":0.7867075,"total":0.80229699999999993,"children":{"RayPerceptionSensor.Perceive":{"count":78,"self":0.0155895,"total":0.0155895,"children":null}}},"AcademyStep":{"count":309,"self":0.0039984,"total":0.0039984,"children":null},"AgentAct":{"count":309,"self":0.012908699999999999,"total":0.012908699999999999,"children":null}}}